,, 
Ява 350/638.8.500Мото » МотоциклыЯва 638 модель пеналка+коляска velorex 562Мото » МотоциклыЯВА МустангМото » МотоциклыЯва 634 1980год 6 вольтМото » МотоциклыПродам яву переходну модель 5.00Мото » МотоциклыПродам Ява 634 в отличном состоянииМото » МотоциклыПродам мото Jawa 350Мото » МотоциклыДвоцилінровий мотоцикл JAWA 364 ( Експортна )Мото » МотоциклыЯВА 1988р.Мото » МотоциклыЯва старушка ява jawa 350/360 срочно!+запчпастиМото » МотоциклыМотоцикл Ява Jawa 360Мото » Мотоциклы,12 000 грн.29 989 грн.9 000 грн.27 660 грн.45 639 грн.52 554 грн.36 788 грн.21 874 грн.35 958 грн.17 000 грн.124 469 грн.,Ява 350/638.8.500Мото » Мотоциклы12 000 грн.ДоговорнаяКорсунь-ШевченковскийСегодня 07:23Ява 638 модель пеналка+коляска velorex 562Мото » Мотоциклы29 989 грн.ЧеркассыВчера 23:04ЯВА МустангМото » Мотоциклы9 000 грн.ПрилукиВчера 15:56Ява 634 1980год 6 вольтМото » Мотоциклы27 660 грн.ДоговорнаяМогилев-Подольский9майПродам яву переходну модель 5.00Мото » Мотоциклы45 639 грн.Вербка9майПродам Ява 634 в отличном состоянииМото » Мотоциклы52 554 грн.ДоговорнаяУжгород8майПродам мото Jawa 350Мото » Мотоциклы36 788 грн.ДоговорнаяОдесса, Малиновский7майДвоцилінровий мотоцикл JAWA 364 ( Експортна )Мото » Мотоциклы21 874 грн.ДоговорнаяЛьвов, Галицкий29апр.ЯВА 1988р.Мото » Мотоциклы35 958 грн.Новояворовск29апр.Ява старушка ява jawa 350/360 срочно!+запчпастиМото » Мотоциклы17 000 грн.ДоговорнаяПавлоград28апр.Мотоцикл Ява Jawa 360Мото » Мотоциклы124 469 грн.Одесса, Киевский21апр. 
Ява 350/638.8.500Мото » Мотоциклы,12 000 грн.,Ява 350/638.8.500Мото » Мотоциклы12 000 грн.ДоговорнаяКорсунь-ШевченковскийСегодня 07:23 
Ява 638 модель пеналка+коляска velorex 562Мото » Мотоциклы,29 989 грн.,Ява 638 модель пеналка+коляска velorex 562Мото » Мотоциклы29 989 грн.ЧеркассыВчера 23:04 
ЯВА МустангМото » Мотоциклы,9 000 грн.,ЯВА МустангМото » Мотоциклы9 000 грн.ПрилукиВчера 15:56 
Ява 634 1980год 6 вольтМото » Мотоциклы,27 660 грн.,Ява 634 1980год 6 вольтМото » Мотоциклы27 660 грн.ДоговорнаяМогилев-Подольский9май 
Продам яву переходну модель 5.00Мото » Мотоциклы,45 639 грн.,Продам яву переходну модель 5.00Мото » Мотоциклы45 639 грн.Вербка9май 
Продам Ява 634 в отличном состоянииМото » Мотоциклы,52 554 грн.,Продам Ява 634 в отличном состоянииМото » Мотоциклы52 554 грн.ДоговорнаяУжгород8май 
Продам мото Jawa 350Мото » Мотоциклы,36 788 грн.,Продам мото Jawa 350Мото » Мотоциклы36 788 грн.ДоговорнаяОдесса, Малиновский7май 
Двоцилінровий мотоцикл JAWA 364 ( Експортна )Мото » Мотоциклы,21 874 грн.,Двоцилінровий мотоцикл JAWA 364 ( Експортна )Мото » Мотоциклы21 874 грн.ДоговорнаяЛьвов, Галицкий29апр. 
ЯВА 1988р.Мото » Мотоциклы,35 958 грн.,ЯВА 1988р.Мото » Мотоциклы35 958 грн.Новояворовск29апр. 
Ява старушка ява jawa 350/360 срочно!+запчпастиМото » Мотоциклы,17 000 грн.,Ява старушка ява jawa 350/360 срочно!+запчпастиМото » Мотоциклы17 000 грн.ДоговорнаяПавлоград28апр. 
Мотоцикл Ява Jawa 360Мото » Мотоциклы,124 469 грн.,Мотоцикл Ява Jawa 360Мото » Мотоциклы124 469 грн.Одесса, Киевский21апр. 
,, 
